bond,pi_bond_order
1-2,0.5712958002354966
2-3,0.6863711014312007
3-4,0.6536674555891504
4-5,0.6536674555889196
5-6,0.6863711014312468
6-1,0.5712958002355975
