atom,pi_population
O(1),1.5121445390574526
C(2),0.8001432009010728
C(3),1.0108371404456244
C(4),0.8658947782490719
C(5),1.0108371404460579
C(6),0.800143200900732
